Title,Link,Abstract,Name,Category,Criteria
"Establishing project portfolio management: An exploratory analysis of the influence of internal stakeholders' interactions",https://www.scopus.com/inward/record.uri?eid=2-s2.0-84871425377&doi=10.1002%2fpmj.21307&partnerID=40&md5=394997aa48db57d8cb37949e283f74cb,"Project portfolio management (PPM) is viewed as a management innovation that must be further established and professionalized in many firms. Stakeholder behavior and stakeholder management are key success factors for project portfolios. Furthermore, stak",Stakeholder management - Stakeholder engagement,Stakeholder management,Stakeholder engagement
Assessing capacity for health policy and systems research in low and middle income countries,https://www.scopus.com/inward/record.uri?eid=2-s2.0-1842445008&doi=10.1186%2f1478-4505-1-1&partnerID=40&md5=20bab5a9d0842b3c42bc2d15cf5261e6,"Background: As demand grows for health policies based on evidence, questions exist as to the capacity of developing countries to produce the health policy and systems research (HPSR) required to meet this challenge. Methods: A postal/web survey of 176 HP",Stakeholder management - Stakeholder engagement,Stakeholder management,Stakeholder engagement
The Innovative Medicines Initiative neurodegeneration portfolio: From individual projects to collaborative networks,https://www.scopus.com/inward/record.uri?eid=2-s2.0-85142289833&doi=10.3389%2ffneur.2022.994301&partnerID=40&md5=125c8d921c7ab7a0bab147b209cd2381,The IMI public-private partnership between the European Commission and the European Federation of Pharmaceutical Industries and Associations (EFPIA) was launched in 2008 with an initial budget of ?2 billion. Aiming to accelerate the development of innova,Stakeholder management - Stakeholder engagement,Stakeholder management,Stakeholder engagement
How entrepreneurial orientation can leverage innovation project portfolio management,https://www.scopus.com/inward/record.uri?eid=2-s2.0-85087628562&doi=10.1111%2fradm.12423&partnerID=40&md5=ff1fa50142858e5feceb42447c37dbc1,Innovation project portfolio management (IPPM) is a key task in R&D management because this decision-making process determines which R&D projects should be undertaken and how R&D resources are allocated. Previous research has developed a good understandi,Stakeholder management - Stakeholder engagement,Stakeholder management,Stakeholder engagement
Critical analysis of the Armed Forces Covenant Fund Trust Aged Veterans Fund,https://www.scopus.com/inward/record.uri?eid=2-s2.0-85103634190&doi=10.1136%2fbmjmilitary-2020-001716&partnerID=40&md5=5b804fb728c88ea9cf8c5ae2b750b601,"Background Relatively little research is available regarding the specific needs of older military veterans and the services introduced to support them. In 2016, the Armed Forces Covenant Fund Trust launched the Aged Veterans Fund (AVF), to understand the",Stakeholder management - Stakeholder engagement,Stakeholder management,Stakeholder engagement
Towards successful establishment of a project portfolio management system: Business process management approach,https://www.scopus.com/inward/record.uri?eid=2-s2.0-85091525141&doi=10.19255%2fJMPM02302&partnerID=40&md5=3a38aede366fee9767781e800b8168f6,"Linking structures, processes and resources with corporate strategies is a key requirement of today's organizations, bringing about integration toward achieving long-term objectives. Organizations can no longer rely on traditional practices since advance",Governance  - Roles,"Governance ",Roles
Corporate Governance of the Project-Oriented Company Contributing to Its Sustainable Development,https://www.scopus.com/inward/record.uri?eid=2-s2.0-85166092230&doi=10.4324%2f9781315554785-17&partnerID=40&md5=c9331940432bd95b54b8c04a0f3a7cc6,"Different corporate governance structures are appropriate for different company types. Given the specifics of the project-oriented company, which manages unique business processes of medium to large scope by projects and by programs, specific governing s",Governance  - Roles,"Governance ",Roles
Exploring the roles of portfolio steering committees in project portfolio governance,https://www.scopus.com/inward/record.uri?eid=2-s2.0-84894261749&doi=10.1016%2fj.ijproman.2013.07.004&partnerID=40&md5=09b9249ae7fab0486381389ea0192fee,"Governing project portfolios engages different actors in organizations including portfolio managers, portfolio officers, top managers, and others who may team up as portfolio steering committees. While portfolio steering committees play a regular role in",Governance  - Roles,"Governance ",Roles
Improving the realization of IT demands: A design theory for end-to-end demand management,https://www.scopus.com/inward/record.uri?eid=2-s2.0-84886460134&partnerID=40&md5=3a66da0060c692e947357ee8b14a1e95,"With the growing penetration of IT and its critical role within organizations, the number of requests for IT services and solutions is steadily increasing. However, many companies lack a consolidated view of all these requests or demands. They also strug",Governance  - Roles,"Governance ",Roles
"Governance and governmentality for projects: Enablers, practices, and consequences",https://www.scopus.com/inward/record.uri?eid=2-s2.0-84977661708&doi=10.4324%2f9781315683294&partnerID=40&md5=24a63eb69df51af0edbb5b2f9eb8044f,"This research-based book takes an organization-wide perspective to describe the governance and governmentality for projects in organizations. Governance of projects defines and directs the ways managers of projects, programs, and project portfolios carry",Governance  - Roles,"Governance ",Roles
Information technology (IT) project portfolio management practices in South Africa,https://www.scopus.com/inward/record.uri?eid=2-s2.0-85080908183&partnerID=40&md5=9b6e594a9fac0a7f2ef21bb6c2d6920e,"Many organisations have adopted Project Portfolio Management (PPM) processes to improve the implementation of their strategies, however few organisations have achieved tangible returns on investment (ROI) from PPM. Although PPM stakeholders are aware tha",Governance - Alignment with organizational governance,Governance,Alignment with organizational governance
Strategic alignment and value maximization for IT project portfolios,https://www.scopus.com/inward/record.uri?eid=2-s2.0-84900458839&partnerID=40&md5=cc50a8e2617fbba1a11b4b226bc6249e,"Managing project portfolios has been a challenge to many IT organizations due to the size and complexity of their initiatives that are often cross-functional, fast changing, and transformational in nature. Governance on soliciting, selecting, and monitor",Governance - Alignment with organizational governance,Governance,Alignment with organizational governance
Rubric for Evaluating the Alignment of the IT Project Portfolio with IT Governance in Universities,https://www.scopus.com/inward/record.uri?eid=2-s2.0-85112866259&doi=10.1145%2f3481629.3481634&partnerID=40&md5=319c1c4160fad54fd2e3730ad138ea4b,Organizations are currently using the potential of IT to achieve their strategic objectives. IT governance ensures that decisions related to information technologies are aligned with business needs and strategies. One of the best practices to introduce a,Governance - Alignment with organizational governance,Governance,Alignment with organizational governance
Continuous Improvements in Project Management Practices Through PMOs-The Case of Buzios Field,https://www.scopus.com/inward/record.uri?eid=2-s2.0-85156115634&doi=10.4043%2f32196-MS&partnerID=40&md5=ce70eddbd053b61369533e80eb073210,This paper presents a series of improvements Petrobras has been undertaking in its Project Management (PM) practices and the shaping of a multi-level Project Management Office (PMO) structure through the case of Buzios implementation program. Buzios is P,Governance - Alignment with organizational governance,Governance,Alignment with organizational governance
Connecting enterprise architecture and project portfolio management: A review and a model for IT project alignment,https://www.scopus.com/inward/record.uri?eid=2-s2.0-85079595933&doi=10.4018%2fIJITPM.2020010106&partnerID=40&md5=034bc507ab878ff6c8b8e43fd3b42e71,"Enterprise architecture (EA) and project portfolio management (PPM) are key areas when it comes to connecting enterprise strategy and information technology (IT) projects. Both management disciplines enhance business capabilities, integrate skilled resou",Governance - Alignment with organizational governance,Governance,Alignment with organizational governance
Selection of Investment Portfolio Using Multi-criteria Decision Model (MCDM) and Integer Programming Model,https://www.scopus.com/inward/record.uri?eid=2-s2.0-85106439215&doi=10.1007%2f978-981-33-4684-0_11&partnerID=40&md5=06854917105ce9ab141dc4c42aec22cd,"This paper is an attempt to select few vital investment projects among a number of feasible projects using MCDM and linear integer programming in the face of limited financial resources. The tangible and intangible considerations are taken care of using ",Strategic alignment - Portfolio optimization or balance,Strategic alignment,Portfolio optimization or balance
"2015 10th International Conference on Intelligent Systems: Theories and Applications, SITA 2015",https://www.scopus.com/inward/record.uri?eid=2-s2.0-84962396696&partnerID=40&md5=57cb712acc5647fdb8e3d5f72188d53c,"The proceedings contain 70 papers. The topics discussed include: user profile model: a user dimension based classification; a theoretical e-government portals' benchmarking framework; quality of data in mediation systems; mapping discovery methodology in",Strategic alignment - Portfolio optimization or balance,Strategic alignment,Portfolio optimization or balance
Balancing the strategic value and the operational value in IT portfolio selection,https://www.scopus.com/inward/record.uri?eid=2-s2.0-84870820484&partnerID=40&md5=39e35e3337026147726f8a9b638c7ff8,"This paper provides a methodological framework in which the problem of IT project portfolio selection is solved by balancing between operational and strategic IT investments. From interviews with CIOs, we found that the interest in IT projects in many fi",Strategic alignment - Portfolio optimization or balance,Strategic alignment,Portfolio optimization or balance
Strategic alignment and value maximization for IT project portfolios,https://www.scopus.com/inward/record.uri?eid=2-s2.0-84900458839&partnerID=40&md5=cc50a8e2617fbba1a11b4b226bc6249e,"Managing project portfolios has been a challenge to many IT organizations due to the size and complexity of their initiatives that are often cross-functional, fast changing, and transformational in nature. Governance on soliciting, selecting, and monitor",Strategic alignment - Portfolio optimization or balance,Strategic alignment,Portfolio optimization or balance
Selecting a portfolio of projects considering both optimization and balance of sub-portfolios,https://www.scopus.com/inward/record.uri?eid=2-s2.0-85078822278&doi=10.5267%2fj.jpm.2019.8.003&partnerID=40&md5=c3a3d5d3617e4b414fb2cc0551256228,"Over the past four decades, portfolio selection has been one of the most important concerns of researchers, project managers, project-oriented companies, and public agencies around the world. Although numerous studies have been done in this field, still ",Strategic alignment - Portfolio optimization or balance,Strategic alignment,Portfolio optimization or balance
Information technology (IT) project portfolio management practices in South Africa,https://www.scopus.com/inward/record.uri?eid=2-s2.0-85080908183&partnerID=40&md5=9b6e594a9fac0a7f2ef21bb6c2d6920e,"Many organisations have adopted Project Portfolio Management (PPM) processes to improve the implementation of their strategies, however few organisations have achieved tangible returns on investment (ROI) from PPM. Although PPM stakeholders are aware tha",Strategic alignment - Prioritization,Strategic alignment,Prioritization
"Comparison of project portfolio management practices in the public and private sectors in Brazil: Characteristics, similarities, and differences",https://www.scopus.com/inward/record.uri?eid=2-s2.0-85068086182&doi=10.1108%2fIJMPB-09-2018-0176&partnerID=40&md5=36cbaaef8cc107858c3bdfe973aa2ad7,"Purpose: Project portfolio management (PPM) is a managerial technique used to seek the strategic goals of organizations improving their performance. The public sector has some characteristics that differ from the private sector, since their management ap",Strategic alignment - Prioritization,Strategic alignment,Prioritization
"Project valuation, capital investment and strategic alignment - Tools and techniques at Anglo Platinum",https://www.scopus.com/inward/record.uri?eid=2-s2.0-33947164239&partnerID=40&md5=6994694c53e006a49aa9eb16d35391f4,Central to the success of any mining company is the ability to manage capital investment effectively so as to ensure acceptable stakeholder returns within an overall strategic context Critical to this process is the effective selection and implementation,Strategic alignment - Prioritization,Strategic alignment,Prioritization
Portfolio of projects: Case study of selection and balancing; [Seleção e alocação de recursos em portfólio de projetos: Estudo de caso no setor químico],https://www.scopus.com/inward/record.uri?eid=2-s2.0-77953664604&doi=10.1590%2fs0104-530x2010000100013&partnerID=40&md5=c93a12ac6dc6b4c352e7344d9570f93a,"Among dozens or hundreds of alternatives, choosing those which should make up the projects portfolio of an organization and which priority level is a complex multi-criteria decision matter. This work aims to apply a management model of projects portfolio",Strategic alignment - Prioritization,Strategic alignment,Prioritization
Selecting a portfolio of projects considering both optimization and balance of sub-portfolios,https://www.scopus.com/inward/record.uri?eid=2-s2.0-85078822278&doi=10.5267%2fj.jpm.2019.8.003&partnerID=40&md5=c3a3d5d3617e4b414fb2cc0551256228,"Over the past four decades, portfolio selection has been one of the most important concerns of researchers, project managers, project-oriented companies, and public agencies around the world. Although numerous studies have been done in this field, still ",Strategic alignment - Prioritization,Strategic alignment,Prioritization
Project portfolio selection and scheduling optimization based on risk measure: a conditional value at risk approach,https://www.scopus.com/inward/record.uri?eid=2-s2.0-85064350912&doi=10.1007%2fs10479-019-03214-1&partnerID=40&md5=3ab61357fe080dd116764f145d191a0b,Project portfolios are considered ?powerful strategic weapons? for implementing corporate strategy. Projects are exposed to different types of risks. Studies on project portfolio optimization have addressed risks either by maximizing the expected net pre,Strategic alignment - Alignment with strategy and objectives,Strategic alignment,Alignment with strategy and objectives
"Trade off between risk management, value creation and strategic alignment in project portfolio management",https://www.scopus.com/inward/record.uri?eid=2-s2.0-84902322001&doi=10.5220%2f0004952904470452&partnerID=40&md5=40c58b76ed6901072a860ffcd3bff1cc,"Projects portfolio management allows the company to select, prioritize, integrate, manage and check its projects in a multi project context. In this paper, we consider a very important part of the projects portfolio management namely the selection of pro",Strategic alignment - Alignment with strategy and objectives,Strategic alignment,Alignment with strategy and objectives
Information technology (IT) project portfolio management practices in South Africa,https://www.scopus.com/inward/record.uri?eid=2-s2.0-85080908183&partnerID=40&md5=9b6e594a9fac0a7f2ef21bb6c2d6920e,"Many organisations have adopted Project Portfolio Management (PPM) processes to improve the implementation of their strategies, however few organisations have achieved tangible returns on investment (ROI) from PPM. Although PPM stakeholders are aware tha",Strategic alignment - Alignment with strategy and objectives,Strategic alignment,Alignment with strategy and objectives
Designing a hybrid system dynamic model for analyzing the impact of strategic alignment on project portfolio selection,https://www.scopus.com/inward/record.uri?eid=2-s2.0-85055705938&doi=10.1016%2fj.simpat.2018.10.001&partnerID=40&md5=5edfa0064abe36e48d7da203a613e4c4,"One of the key challenges in project organizations is the alignment of portfolio management with major corporate strategies. Usually, project-based organizations use shared resources to control and plan the project portfolio. Therefore, the exploitation ",Strategic alignment - Alignment with strategy and objectives,Strategic alignment,Alignment with strategy and objectives
IT project portfolio selection decision model based on strategic alignment,https://www.scopus.com/inward/record.uri?eid=2-s2.0-55149096146&partnerID=40&md5=9f486be50330b6912b1f37e75ad45f4d,The objective of this paper is to construct a fuzzy IT project portfolio selection model based on strategic alignment. Fuzzy set theory is applied to model uncertain project information and a fuzzy analytic net process (FANP) frame integrated with critic,Strategic alignment - Alignment with strategy and objectives,Strategic alignment,Alignment with strategy and objectives
Selection of Investment Portfolio Using Multi-criteria Decision Model (MCDM) and Integer Programming Model,https://www.scopus.com/inward/record.uri?eid=2-s2.0-85106439215&doi=10.1007%2f978-981-33-4684-0_11&partnerID=40&md5=06854917105ce9ab141dc4c42aec22cd,"This paper is an attempt to select few vital investment projects among a number of feasible projects using MCDM and linear integer programming in the face of limited financial resources. The tangible and intangible considerations are taken care of using ",Strategic alignment - Selection,Strategic alignment,Selection
"Comparison of project portfolio management practices in the public and private sectors in Brazil: Characteristics, similarities, and differences",https://www.scopus.com/inward/record.uri?eid=2-s2.0-85068086182&doi=10.1108%2fIJMPB-09-2018-0176&partnerID=40&md5=36cbaaef8cc107858c3bdfe973aa2ad7,"Purpose: Project portfolio management (PPM) is a managerial technique used to seek the strategic goals of organizations improving their performance. The public sector has some characteristics that differ from the private sector, since their management ap",Strategic alignment - Selection,Strategic alignment,Selection
"Project valuation, capital investment and strategic alignment - Tools and techniques at Anglo Platinum",https://www.scopus.com/inward/record.uri?eid=2-s2.0-33947164239&partnerID=40&md5=6994694c53e006a49aa9eb16d35391f4,Central to the success of any mining company is the ability to manage capital investment effectively so as to ensure acceptable stakeholder returns within an overall strategic context Critical to this process is the effective selection and implementation,Strategic alignment - Selection,Strategic alignment,Selection
IT project portfolio selection decision model based on strategic alignment,https://www.scopus.com/inward/record.uri?eid=2-s2.0-55149096146&partnerID=40&md5=9f486be50330b6912b1f37e75ad45f4d,The objective of this paper is to construct a fuzzy IT project portfolio selection model based on strategic alignment. Fuzzy set theory is applied to model uncertain project information and a fuzzy analytic net process (FANP) frame integrated with critic,Strategic alignment - Selection,Strategic alignment,Selection
Aligning construction projects with strategy,https://www.scopus.com/inward/record.uri?eid=2-s2.0-85147913972&partnerID=40&md5=8070588a125489b4632095005964f81d,This chapter explores the alignment of construction projects with strategy through several case studies and offers insights for the development of project portfolio management (PPM) capabilities in construction. Most PPM research occurs in industries ass,Strategic alignment - Selection,Strategic alignment,Selection
Object oriented Petri nets usage in project portfolio modeling domain,https://www.scopus.com/inward/record.uri?eid=2-s2.0-84898940691&partnerID=40&md5=da8dad1ce5f6215bf42635793b46c6c2,"The paper presents a way, how the Petri net technique, in concrete, Object Oriented Petri Nets (OO PN) can be applied in project management domain. There is shown the use of Object Oriented approach and concepts in project planning, organizing, monitorin",Monitoring and control - Financial monitoring and control,Monitoring and control,Financial monitoring and control
Project portfolio implementation under uncertainty and interdependencies: A simulation study of behavioural responses,https://www.scopus.com/inward/record.uri?eid=2-s2.0-85066887758&doi=10.1080%2f01605682.2019.1609890&partnerID=40&md5=9ecaafce0c56e73db4c071e8358d1be4,"Even though systems thinking has been highlighted in portfolio management theory, independent project control logic still dominates its implementation process. This paper constructs a system dynamics model for portfolio monitoring and control. Considerin",Monitoring and control - Financial monitoring and control,Monitoring and control,Financial monitoring and control
Development of natural gas assets in frontier offshore areas under challenging technical and economic environment - A project finance with real options approach,https://www.scopus.com/inward/record.uri?eid=2-s2.0-85040465040&doi=10.2118%2f187031-ms&partnerID=40&md5=69a601eb83f647f172cbc0ce627d57aa,"Gas field developments have been fundamental in the transition of moving toward a cleaner worldwide energy matrix. These developments normally flourish in the presence of large volumes, suitable infrastructure and committed demand through long-term contr",Financial management - Financial viability,Financial management,Financial viability
A system dynamics investigation of project portfolio management evolution in the energy sector: Case study: an Iranian independent power producer,https://www.scopus.com/inward/record.uri?eid=2-s2.0-85065044856&doi=10.1108%2fK-12-2018-0688&partnerID=40&md5=0a3745938ec6fe31bf42f1bba58e0cac,"Purpose: Project portfolio management (PPM) is a commonly used technique to align projects with strategy and to ensure adequate resourcing for projects. In this paper, to gain a better understanding of PPM dynamics, a system dynamics (SD) model was devel",Financial management - Financial viability,Financial management,Financial viability
Mapping between artefacts and portfolio processes from the PMI standard for portfolio management,https://www.scopus.com/inward/record.uri?eid=2-s2.0-84988859527&doi=10.1007%2f978-3-319-46642-2_8&partnerID=40&md5=1bddc2f6f3aa7fde6a79a5cbfbefb1b3,"Among the decisions that software development organizations need to take is to define which projects should developed, as these are, ultimately, the reason for their existence. This decision is part of a broader decision-making process than the strictly ",Financial management - Financial viability,Financial management,Financial viability
Stochastic forecasting of project streams for construction project portfolio management,https://www.scopus.com/inward/record.uri?eid=2-s2.0-85044648725&doi=10.1186%2fs40327-017-0049-y&partnerID=40&md5=04b919080da89e814e49dfaf5e9170f4,"Background: Construction companies typically work on many projects simultaneously each with its own objectives and resource demands. Consequently, a key managerial function is to allocate financial, equipment, and human resources between these concurrent",Financial management - Financial viability,Financial management,Financial viability
A Sustainability Assessment Framework for On-Site and Off-Site Construction Logistics,https://www.scopus.com/inward/record.uri?eid=2-s2.0-85137181334&doi=10.3390%2fsu14148573&partnerID=40&md5=493c813c6c30772e55d0d11ae4139fc6,"Urban areas pay increasing attention to new construction and infrastructure works, mainly due to the rapid global rise in urbanisation. In the long run, these works have a positive correlation with the economic and social attractiveness of cities. Constr",Change Management - Impact assessment,Change Management,Impact assessment
"Developing a Sustainable and Circular Bio-Based Economy in EU: By Partnering Across Sectors, Upscaling and Using New Knowledge Faster, and For the Benefit of Climate, Environment & Biodiversity, and People & Business",https://www.scopus.com/inward/record.uri?eid=2-s2.0-85100524296&doi=10.3389%2ffbioe.2020.619066&partnerID=40&md5=e477c542c492f6a8414195386b358d5c,"This paper gives an overview of development of the EU-bioeconomy, 2014?2020. The Vision of the new Circular Bio-based Economy, CBE is presented: Unlocking the full potential of all types of sustainably sourced biomass, crop residues, industrial side-stre",Change Management - Impact assessment,Change Management,Impact assessment
"Portfolio management in commercially oriented businesses: Project selection, prioritization and measurement",https://www.scopus.com/inward/record.uri?eid=2-s2.0-84881563890&partnerID=40&md5=79c25964f98463731efe85bd24841bc6,"In a commercially focused project oriented business, project identification, selection and execution determine profitability. A business must measure, rank and prioritize its commercial projects to ensure resources are allocated to the high priority comp",Change Management - Identification of changes,Change Management,Identification of changes
A Sustainability Assessment Framework for On-Site and Off-Site Construction Logistics,https://www.scopus.com/inward/record.uri?eid=2-s2.0-85137181334&doi=10.3390%2fsu14148573&partnerID=40&md5=493c813c6c30772e55d0d11ae4139fc6,"Urban areas pay increasing attention to new construction and infrastructure works, mainly due to the rapid global rise in urbanisation. In the long run, these works have a positive correlation with the economic and social attractiveness of cities. Constr",Change Management - Identification of changes,Change Management,Identification of changes
"A project prioritization approach considering uncertainty, reliability, criteria prioritization, and robustness",https://www.scopus.com/inward/record.uri?eid=2-s2.0-85124176560&doi=10.1016%2fj.dss.2022.113731&partnerID=40&md5=2c84629f4762ff00a2231149b9248def,"Given the limitation of resources in organizations (time, money, staff, material, etc.), deciding which projects should be given priority ? among many competing projects ? is a constant and continuous challenge for decision makers. As a result, a prolife",Change Management - Identification of changes,Change Management,Identification of changes
"International Conference on Information Systems, ICIS 2012, Volume 5",https://www.scopus.com/inward/record.uri?eid=2-s2.0-84886550717&partnerID=40&md5=2441a03d215ae7a1b04bc5151531cada,The proceedings contain 308 papers. The special focus in this conference is on Information Systems. The topics include: Heterogeneity in IT landscapes and monopoly power of firms; community ecology for innovation concept; peer influence in a very large s,Change Management - Identification of changes,Change Management,Identification of changes
Project portfolio management: A powerful strategic weapon in pharmaceutical drug development,https://www.scopus.com/inward/record.uri?eid=2-s2.0-84993767767&doi=10.1177%2f009286159803200321&partnerID=40&md5=6171aaa112359b99cfc87d86cdc9831a,"International pharma market dynamics increasingly require that pharmaceutical companies add value to their organizations at all levels. In this respect, strategic research and development (R&D) portfolio management constitutes an extremely important tool",Change Management - Identification of changes,Change Management,Identification of changes
"A framework for developing performance objectives for projects, programs, and portfolios",https://www.scopus.com/inward/record.uri?eid=2-s2.0-85061752332&doi=10.1201%2fb18986&partnerID=40&md5=b24bd78afa9bee4addb26677df703dfe,"Performance objectives are those key considerations or requirements of the stakeholders that form the basis or lens through which they view the temporary organization (i.e., a project, portfolio, or program). The ability to identify and agree on the key ",Stakeholder management- Stakeholder identification,"",akeholder management- Stakeholder identification
Project portfolio risk response selection using bayesian belief networks,https://www.scopus.com/inward/record.uri?eid=2-s2.0-85105848719&doi=10.22059%2fIJMS.2020.272892.673461&partnerID=40&md5=fa9a7ed566a70258a5ce4bb2c1192e71,"Risk identification, impact assessment, and response planning constitute three building blocks of project risk management. Correspondingly, three types of interactions could be envisioned between risks, between impacts of several risks on a portfolio com",Risk management - Risk response,Risk management,Risk response
Risk Response Strategies Selection over the Life Cycle of Project Portfolio,https://www.scopus.com/inward/record.uri?eid=2-s2.0-85144907528&doi=10.3390%2fbuildings12122191&partnerID=40&md5=5e86ed19a4e5dc7126af0389a9d2617d,"The successful implementation of project portfolios (PP) calls for effective risk management, in which selecting optimal risk response strategies help to reduce the impact of risk. Project portfolio risks (PPRs) exhibit causality and time dependency over",Risk management - Risk response,Risk management,Risk response
A portfolio risk response strategies selection model considering interference of strategy realization and two-level correlation of risks; [??????????????????????????????],https://www.scopus.com/inward/record.uri?eid=2-s2.0-85163877421&doi=10.13195%2fj.kzyjc.2021.2141&partnerID=40&md5=767e9c50ca842cdcc1d3abc21dd1e703,"Due to the influence of project portfolio risks, project portfolios can not effectively support the realization of enterprise strategies. Therefore, enterprises need to adopt appropriate risk response strategies to ensure the project portfolio success, b",Risk management - Risk response,Risk management,Risk response
R&D projects selection in telecommunications under uncertainty and resource restrictions using scheduling,https://www.scopus.com/inward/record.uri?eid=2-s2.0-85026217356&doi=10.1109%2fICCW.2017.7962838&partnerID=40&md5=443f17c8066338c9db5ea3def49ecc9b,"Telecommunications R&D organizations, as inserted in a high-technology market environment, need to develop continuously projects. Considering it, a formal approach for project selection is needed, once, in general, there is no enough funding for all of t",Risk management - Risk response,Risk management,Risk response
Project Risk Response Decision Making Under Uncertain Project Interdependencies,https://www.scopus.com/inward/record.uri?eid=2-s2.0-85161074575&doi=10.1109%2fTEM.2023.3271991&partnerID=40&md5=2ac338e908f9aed5b1e140cf378e7568,"Project portfolio (PP) risk management entails making risk response decisions (RRDs) on single projects within PPs (SPPPs). However, the presence of uncertain project interdependencies (UPIs) increases the difficulty of RRDs. This study provides a decisi",Risk management - Risk response,Risk management,Risk response
System dynamics application in analyzing the schedule risk influence on project portfolio,https://www.scopus.com/inward/record.uri?eid=2-s2.0-79551551478&partnerID=40&md5=f1c19f611aa1169fbb99e067016347ed,"Due to the interaction between multiple projects and programs, the project portfolio can be regarded as a complicated system. Schedule risk of individual projects will be delivered to the inner portfolio according to this internal relationship of project",Risk management - Risk analysis,Risk management,Risk analysis
"Data-driven analysis of ""corporate risk"" using historical cost-control data",https://www.scopus.com/inward/record.uri?eid=2-s2.0-0004399146&doi=10.1061%2f%28ASCE%290733-9364%281998%29124%3a1%2842%29&partnerID=40&md5=94cef4be03c3cfd627359385247966e4,"The process of risk management includes three phases of risk identification, risk quantification, and risk control. Of the three phases, many managers agree that the major benefits of risk management are derived from the insights through the way project ",Risk management - Risk analysis,Risk management,Risk analysis
the evaluation of innovation projects,https://www.scopus.com/inward/record.uri?eid=2-s2.0-84981632155&doi=10.1111%2fj.1467-9310.1972.tb00103.x&partnerID=40&md5=0b4d861ef450a0e77a86b01b10108789,Abstract. Any realistic assessment of research projects must allow for possible failures. Scaling down the Potential gain from each project by its probability of achievement ignores the expenditure on unsuccessful projects and is therefore misleading. Th,Risk management - Risk analysis,Risk management,Risk analysis
Development of natural gas assets in frontier offshore areas under challenging technical and economic environment - A project finance with real options approach,https://www.scopus.com/inward/record.uri?eid=2-s2.0-85040465040&doi=10.2118%2f187031-ms&partnerID=40&md5=69a601eb83f647f172cbc0ce627d57aa,"Gas field developments have been fundamental in the transition of moving toward a cleaner worldwide energy matrix. These developments normally flourish in the presence of large volumes, suitable infrastructure and committed demand through long-term contr",Risk management - Risk analysis,Risk management,Risk analysis
Exploring the structures and design effects of EU-funded R&D&I project portfolios,https://www.scopus.com/inward/record.uri?eid=2-s2.0-85128333025&doi=10.1016%2fj.techfore.2022.121687&partnerID=40&md5=5d2ca8116542e6a8b6eb8322f73480f3,"Joint R&D&I projects and programs increase performance but entail project-related risks; namely, concurrent projects may share resources, delays may be inherited by later projects, and costs may overrun. With a project portfolio, one can better plan budg",Risk management - Risk analysis,Risk management,Risk analysis
"Portfolio management in commercially oriented businesses: Project selection, prioritization and measurement",https://www.scopus.com/inward/record.uri?eid=2-s2.0-84881563890&partnerID=40&md5=79c25964f98463731efe85bd24841bc6,"In a commercially focused project oriented business, project identification, selection and execution determine profitability. A business must measure, rank and prioritize its commercial projects to ensure resources are allocated to the high priority comp",Risk management - risk identification,Risk management,risk identification
Moresa: confronting risks in a highly uncertain environment,https://www.scopus.com/inward/record.uri?eid=2-s2.0-85144064827&doi=10.1108%2fEEMCS-08-2022-0275&partnerID=40&md5=0b77d0c74bed0fa9fc4af9ba0c27a886,Learning outcomes: At the end of the case students will be able to: 1. Relate risk as one of the 12 principles in project management contemplated in the international standards of the PMBOK Seventh Edition guide. 2. Determine high-level risks by articula,Risk management - risk identification,Risk management,risk identification
New discovery as a result of complex approach to brownfield region evaluation,https://www.scopus.com/inward/record.uri?eid=2-s2.0-85039151133&doi=10.24887%2f0028-2448-2017-12-20-23&partnerID=40&md5=86bb0a76151793be5b87b24f884fcdfe,"Currently many prospective areas within Western Siberia still remain understudied and potentially promising, despite the huge amount of exploration works. These areas are mostly tending to be located at the side parts of the basin. Because of significant",Risk management - risk identification,Risk management,risk identification
A Real Option based Six Sigma project evaluation and selection model,https://www.scopus.com/inward/record.uri?eid=2-s2.0-80053053930&doi=10.1016%2fj.ijproman.2011.01.011&partnerID=40&md5=739177f872c7a64530e04fe8c25e1a35,Identification and selection of Six Sigma projects are one of the most frequently discussed issues in the Six Sigma literatures today. In this paper a two-stage methodology has been proposed based on (i) Real Option Analysis for evaluating the value of t,Risk management - risk identification,Risk management,risk identification
"Project portfolio risk identification and analysis, considering project risk interactions and using Bayesian Networks",https://www.scopus.com/inward/record.uri?eid=2-s2.0-85047019176&doi=10.3390%2fsu10051609&partnerID=40&md5=abe9156e5b33e28ff7cf9ec2dc7c7bc0,"An organization's strategic objectives are accomplished through portfolios. However, the materialization of portfolio risks may affect a portfolio's sustainable success and the achievement of those objectives. Moreover, project interdependencies and caus",Risk management - risk identification,Risk management,risk identification
D-WASPAS: Addressing Social Cognition in Uncertain Decision-Making with an Application to a Sustainable Project Portfolio Problem,https://www.scopus.com/inward/record.uri?eid=2-s2.0-85074895885&doi=10.1007%2fs12559-019-09679-3&partnerID=40&md5=a71a2572d777a441aa48485f0c69aae5,"Decision-making is an interdisciplinary area that has roots in mathematics, economics, and social science. Multiple-criteria group decision-making (MCGDM) is one of the most applicable areas of decision-making. Social cognition is involved in group decis",Value management - Monitoring and measuring value,Value management,Monitoring and measuring value
Managing big data of offshore project lifecycle through investment information system,https://www.scopus.com/inward/record.uri?eid=2-s2.0-85088764343&doi=10.4043%2f28602-ms&partnerID=40&md5=dba06e4d7968ee942700f0844ae9ae39,"Big Data is popular term in some recent years and become leverage for business trend around the world. Absolutely 100% agree, all the business uses Information Technology for expanding their business and even survive on the market. IT is not supporting b",Value management - Monitoring and measuring value,Value management,Monitoring and measuring value
Vaikuttavaa tutkimusta arviointikäytäntöjä julkisissa tutkimusorganisaatioissa: Helia ja SAMK,https://www.scopus.com/inward/record.uri?eid=2-s2.0-33750401679&partnerID=40&md5=6df2c8b7a208253e965583ffdc4ee3e0,"The role of the polytechnics (also referred to as ""universities of applied sciences"") in the Finnish innovation system has, from rather humble beginnings, steadily increased in importance. The development of their knowledge base has become an integral pa",Value management - Monitoring and measuring value,Value management,Monitoring and measuring value
A scenario-based mathematical approach to a robust project portfolio selection problem under fuzzy uncertainty,https://www.scopus.com/inward/record.uri?eid=2-s2.0-85127399665&doi=10.3233%2fJIFS-210144&partnerID=40&md5=58c7af13384e3b991dcca5e8689bab8e,"As a major concern of chief managers in each organization, project portfolio selection has a special place in their responsibilities. To assist managers in making decisions, applicable optimization models play an essential role in such processes. In this",Value management - Monitoring and measuring value,Value management,Monitoring and measuring value
The impact made on project portfolio optimisation by the selection of various risk measures,https://www.scopus.com/inward/record.uri?eid=2-s2.0-85046820422&doi=10.5755%2fj01.ee.29.2.17405&partnerID=40&md5=406f3ac2955a91edccec0836e24024ba,This study addresses the effect of selecting an appropriate risk measure and the impact of this choice on the efficient frontier of the project portfolio of an organisation. The appropriate choice of a firm?s project portfolio has a great impact on the o,Value management - Monitoring and measuring value,Value management,Monitoring and measuring value
Decision programming for mixed-integer multi-stage optimization under uncertainty,https://www.scopus.com/inward/record.uri?eid=2-s2.0-85122023970&doi=10.1016%2fj.ejor.2021.12.013&partnerID=40&md5=378a2aebd42c0cc8bc243968f4cea670,"Influence diagrams are widely employed to represent multi-stage decision problems in which each decision is a choice from a discrete set of alternative courses of action, uncertain chance events have discrete outcomes, and prior decisions may influence t",Value management - Criteria for setting value objectives,Value management,Criteria for setting value objectives
Exploring the link between PPM implementation and company success in achieving strategic goals: An empirical framework,https://www.scopus.com/inward/record.uri?eid=2-s2.0-84996790726&doi=10.7166%2f27-3-1635&partnerID=40&md5=3e08d05335b3bbd66ed3e8658e7a6eaf,"Organisations are constantly under pressure to innovate and grow by successfully executing their business strategies. The ever-increasing rate of change in technology has implications for product lifecycles, cost pressures, expectations of higher quality",Value management - Maximizing value,Value management,Maximizing value
Value-oriented IT project portfolio management,https://www.scopus.com/inward/record.uri?eid=2-s2.0-34047246338&doi=10.1007%2f0-387-34456-x_22&partnerID=40&md5=94ae0d80c2f19052f116aaeaebeeeb72,"In the present enterprise computing environment, it becomes more and more important to be able to demonstrate financial gains of IT (Information Technology) initiatives compared to their cost. A valuation methodology is a logical, repeatable framework fo",Value management - Maximizing value,Value management,Maximizing value
Strategic alignment and value maximization for IT project portfolios,https://www.scopus.com/inward/record.uri?eid=2-s2.0-84900458839&partnerID=40&md5=cc50a8e2617fbba1a11b4b226bc6249e,"Managing project portfolios has been a challenge to many IT organizations due to the size and complexity of their initiatives that are often cross-functional, fast changing, and transformational in nature. Governance on soliciting, selecting, and monitor",Monitoring and control - Monitoring of portfolio risks,Monitoring and control,Monitoring of portfolio risks
MERI: METHODOLOGY FOR ESTIMATING COST AND TIME RISKS IN PROJECTS USING MACHINE LEARNING. APPLICATION TO OIL&GAS INFRASTRUCTURE; [MERI: METODOLOGÍA DE ESTIMACIÓN DE RIESGOS DE COSTE Y PLAZO EN PROYECTOS MEDIANTE MACHINE LEARNING. APLICACIÓN A INFRAESTRUCT,https://www.scopus.com/inward/record.uri?eid=2-s2.0-85150371539&partnerID=40&md5=5daf4558af7189cde3fb60241e1c5128,"Historically, cost overruns in construction projects have been a major problem. Nowadays, the magnitude of this problem is completely unsustainable with cases of ""billionaire"" cost overruns all over the world. Previous works stresses the role of risk man",Monitoring and control - Monitoring of portfolio risks,Monitoring and control,Monitoring of portfolio risks
Risk optimization for R&D project portfolios,https://www.scopus.com/inward/record.uri?eid=2-s2.0-22544441875&partnerID=40&md5=9e525d06482674d33976bcc0629341e4,"R&D projects typically exist in an environment that requires management to allocate resources (staff, space, and funds) across a limited number of projects. This process can have a significant impact on the future growth and profitability of the business",Monitoring and control - Monitoring of portfolio risks,Monitoring and control,Monitoring of portfolio risks
Including oil price uncertainty in development option selection taking the project portfolio into account,https://www.scopus.com/inward/record.uri?eid=2-s2.0-85085851834&doi=10.2118%2f195440-ms&partnerID=40&md5=c5428b351fac0cf90915fc19e63f3b44,"Oil price forecasting has been shown to be challenging if not impossible for the long-term. However, the oil price has a major impact on Exploration and Production projects. Historical Project Realized Oil Price (PROP) can be calculated for example proje",Monitoring and control - Monitoring of portfolio risks,Monitoring and control,Monitoring of portfolio risks
Towards risk-aware scheduling of enterprise architecture roadmaps,https://www.scopus.com/inward/record.uri?eid=2-s2.0-85067469122&doi=10.5220%2f0007799806960702&partnerID=40&md5=d637fcb7c1d4b6fe36de94844411e8e6,Enterprises need to keep their organisation aligned with their business objectives. Enterprise Architecture provides a way to identify the current and target states as well as defining the evolution roadmap taking the form of a complex project portfolio.,Monitoring and control - Monitoring of portfolio risks,Monitoring and control,Monitoring of portfolio risks
Optimal project portfolio selection with reinvestment strategy considering sustainability in an uncertain environment: a multi-objective optimization approach,https://www.scopus.com/inward/record.uri?eid=2-s2.0-85108621786&doi=10.1108%2fK-11-2020-0737&partnerID=40&md5=5459118c4bc044ed6d51e32528fdbf66,"Purpose: This study aims to develop a model for project portfolio selection considering organizational goals such as budgets, sustainability cash flow and reinvestment strategy under an uncertain environment. Design/methodology/approach: A multi-objectiv",Monitoring and control - Value reporting and analysis,Monitoring and control,Value reporting and analysis
Vaikuttavaa tutkimusta arviointikäytäntöjä julkisissa tutkimusorganisaatioissa: Helia ja SAMK,https://www.scopus.com/inward/record.uri?eid=2-s2.0-33750401679&partnerID=40&md5=6df2c8b7a208253e965583ffdc4ee3e0,"The role of the polytechnics (also referred to as ""universities of applied sciences"") in the Finnish innovation system has, from rather humble beginnings, steadily increased in importance. The development of their knowledge base has become an integral pa",Monitoring and control - Value reporting and analysis,Monitoring and control,Value reporting and analysis
"ROI, the business case, and bottom-line impact",https://www.scopus.com/inward/record.uri?eid=2-s2.0-4444368540&partnerID=40&md5=63cd7c9c8359efdf2d49a2b3e04a9b6a,The issue of analyzing information technology (IT)-related projects for specific evidence of business value and return on investment (ROI) is discussed. ROI calculations improve project selection and better business cases lead to strong IT portfolios. Th,Monitoring and control - Value reporting and analysis,Monitoring and control,Value reporting and analysis
Including oil price uncertainty in development option selection taking the project portfolio into account,https://www.scopus.com/inward/record.uri?eid=2-s2.0-85085851834&doi=10.2118%2f195440-ms&partnerID=40&md5=c5428b351fac0cf90915fc19e63f3b44,"Oil price forecasting has been shown to be challenging if not impossible for the long-term. However, the oil price has a major impact on Exploration and Production projects. Historical Project Realized Oil Price (PROP) can be calculated for example proje",Monitoring and control - Value reporting and analysis,Monitoring and control,Value reporting and analysis
USING MONTE CARLO SIMULATION TO QUANTIFY THE COST IMPACT OF SYSTEMIC RISK FACTORS IN A PROJECT PORTFOLIO: A CASE STUDY,https://www.scopus.com/inward/record.uri?eid=2-s2.0-85122476939&doi=10.7166%2f32-4-2518&partnerID=40&md5=d3f46fcca761b5ddc20c97d3838595c2,"In terms of project risk management, ?systemic risk? is identified as risks which are artefacts of the environment which a project is executed in, and are related to (i) the project team?s actions, (ii) how project controls are managed and interact, and ",Monitoring and control - Value reporting and analysis,Monitoring and control,Value reporting and analysis
"International Conference on Information Systems, ICIS 2012, Volume 5",https://www.scopus.com/inward/record.uri?eid=2-s2.0-84886550717&partnerID=40&md5=2441a03d215ae7a1b04bc5151531cada,The proceedings contain 308 papers. The special focus in this conference is on Information Systems. The topics include: Heterogeneity in IT landscapes and monopoly power of firms; community ecology for innovation concept; peer influence in a very large s,Monitoring and control - Capabilities and performance,Monitoring and control,Capabilities and performance
Balancing the portfolio of urban and public projects with distance-dependent coverage facilities,https://www.scopus.com/inward/record.uri?eid=2-s2.0-85116974603&doi=10.24200%2fSCI.2019.52470.2730&partnerID=40&md5=8ca7e933c8d7612a8481103e5563d724,"The portfolio of urban and public projects should be balanced in terms of completion time, districts, and strategic objectives. For this purpose, we suggest a mixed-integer nonlinear programming model based on the goal programming approach. Projects are ",Monitoring and control - Capabilities and performance,Monitoring and control,Capabilities and performance
"15th Wuhan International Conference on E-Business, WHICEB 2016",https://www.scopus.com/inward/record.uri?eid=2-s2.0-85138749914&partnerID=40&md5=8cd99d2611a4f033bac6ebe13951e823,The proceedings contain 70 papers. The special focus in this conference is on E-Business. The topics include: An Empirical Research on Hotel Revenue Management Financial Performance Influencing Factors; an Empirical Research on the Evaluation System of C,Monitoring and control - Capabilities and performance,Monitoring and control,Capabilities and performance
"International Conference on Information Systems, ICIS 2012, Volume 4",https://www.scopus.com/inward/record.uri?eid=2-s2.0-84886483021&partnerID=40&md5=70b50ba9af00fc697b1ff4ef4921fad6,The proceedings contain 308 papers. The special focus in this conference is on Information Systems. The topics include: Heterogeneity in IT landscapes and monopoly power of firms; community ecology for innovation concept; peer influence in a very large s,Monitoring and control - Capabilities and performance,Monitoring and control,Capabilities and performance
"International Conference on Information Systems, ICIS 2012, Volume 1",https://www.scopus.com/inward/record.uri?eid=2-s2.0-84886536369&partnerID=40&md5=9ad75527585a4798835d4fbb73864ebf,The proceedings contain 308 papers. The special focus in this conference is on Information Systems. The topics include: Heterogeneity in IT landscapes and monopoly power of firms; community ecology for innovation concept; peer influence in a very large s,Monitoring and control - Capabilities and performance,Monitoring and control,Capabilities and performance
Optimal project portfolio selection with reinvestment strategy considering sustainability in an uncertain environment: a multi-objective optimization approach,https://www.scopus.com/inward/record.uri?eid=2-s2.0-85108621786&doi=10.1108%2fK-11-2020-0737&partnerID=40&md5=5459118c4bc044ed6d51e32528fdbf66,"Purpose: This study aims to develop a model for project portfolio selection considering organizational goals such as budgets, sustainability cash flow and reinvestment strategy under an uncertain environment. Design/methodology/approach: A multi-objectiv",Monitoring and control - Metrics for monitoring project portfolio,Monitoring and control,Metrics for monitoring project portfolio
Vaikuttavaa tutkimusta arviointikäytäntöjä julkisissa tutkimusorganisaatioissa: Helia ja SAMK,https://www.scopus.com/inward/record.uri?eid=2-s2.0-33750401679&partnerID=40&md5=6df2c8b7a208253e965583ffdc4ee3e0,"The role of the polytechnics (also referred to as ""universities of applied sciences"") in the Finnish innovation system has, from rather humble beginnings, steadily increased in importance. The development of their knowledge base has become an integral pa",Monitoring and control - Metrics for monitoring project portfolio,Monitoring and control,Metrics for monitoring project portfolio
Performance management systems for project management offices: A case-based study,https://www.scopus.com/inward/record.uri?eid=2-s2.0-85082745636&doi=10.1016%2fj.promfg.2020.01.397&partnerID=40&md5=80ec54f21ada102ede12639bfb60bd9c,"Project Management Offices (PMOs) are organizational structures in charge of managing and coordinating several simultaneous projects within companies. Due to the complexity of different projects' objectives, it's usual to simplify project indicators and ",Monitoring and control - Metrics for monitoring project portfolio,Monitoring and control,Metrics for monitoring project portfolio
"International Conference on Information Systems, ICIS 2012, Volume 5",https://www.scopus.com/inward/record.uri?eid=2-s2.0-84886550717&partnerID=40&md5=2441a03d215ae7a1b04bc5151531cada,The proceedings contain 308 papers. The special focus in this conference is on Information Systems. The topics include: Heterogeneity in IT landscapes and monopoly power of firms; community ecology for innovation concept; peer influence in a very large s,Monitoring and control - Metrics for monitoring project portfolio,Monitoring and control,Metrics for monitoring project portfolio
Data science approach for it project management,https://www.scopus.com/inward/record.uri?eid=2-s2.0-85073035715&doi=10.17770%2fetr2019vol2.4163&partnerID=40&md5=d0ed9d89471e5b77666604b351747379,"Majority of the IT companies realized that ability to analyse and use data, could be one of the key factors for increasing of number of successful projects, portfolios, programs. Key performance indicators based on data analysis helps organizations be mo",Monitoring and control - Metrics for monitoring project portfolio,Monitoring and control,Metrics for monitoring project portfolio
The management of organizational ambidexterity through alliances in a new context of analysis: Internet of Things (IoT) smart city projects,https://www.scopus.com/inward/record.uri?eid=2-s2.0-85014833138&doi=10.1016%2fj.techfore.2017.03.002&partnerID=40&md5=3d91377a0614e2f5baa27068845472a6,"In the last decade, the Internet of Things (IoT) has affected the approach of organizations to innovation and how they create and capture value in everyday business activities. This is compounded in the so-called Smart Cities, where the objective of the ",Stakeholder management - Communication management,Stakeholder management,Communication management
Integrating environmental sustainability and project portfolio management: Case study in an energy firm,https://www.scopus.com/inward/record.uri?eid=2-s2.0-85032457920&doi=10.1590%2f0104-530X3451-16&partnerID=40&md5=ac9bd5a101add0d301459b08e1a42541,"Although international and relevant research on environmental sustainability and project portfolio management is quite developed, there are few studies integrating the two areas. We could only identify research on each of the areas and very few interface",Stakeholder management - Communication management,Stakeholder management,Communication management
Project Portfolio Management and Communication,https://www.scopus.com/inward/record.uri?eid=2-s2.0-85164346641&doi=10.1201%2f9781003315902-9&partnerID=40&md5=d3a6b08b40bd400e11651d02320b9230,This chapter focuses on the importance of communication by those responsible for the portfolio and discusses the various communication paths needed in Project Portfolio Management (PPM). Stakeholders are treated differently depending on where they fall w,Stakeholder management - Communication management,Stakeholder management,Communication management
Using pre-project planning to manage workload,https://www.scopus.com/inward/record.uri?eid=2-s2.0-85065466421&doi=10.1108%2fS0732-067120180000038010&partnerID=40&md5=b349b79d931ccc0b4a81bf5f4317b7f0,"Purpose Pre-project planning can be an important process for libraries managing large project portfolios. The process allows anyone within an organization to put forth a potential project, and it clearly articulates the process both for developing an ide",Stakeholder management - Communication management,Stakeholder management,Communication management
Continuous Improvements in Project Management Practices Through PMOs-The Case of Buzios Field,https://www.scopus.com/inward/record.uri?eid=2-s2.0-85156115634&doi=10.4043%2f32196-MS&partnerID=40&md5=ce70eddbd053b61369533e80eb073210,This paper presents a series of improvements Petrobras has been undertaking in its Project Management (PM) practices and the shaping of a multi-level Project Management Office (PMO) structure through the case of Buzios implementation program. Buzios is P,Stakeholder management - Communication management,Stakeholder management,Communication management
Project-based Management of the Production Equipment Maintenance and Repair Information System,https://www.scopus.com/inward/record.uri?eid=2-s2.0-85144145835&partnerID=40&md5=6b09aaf0eb447620a0ee085f38c034aa,"The relevance of the research is due to the need to create an effective maintenance and repair planning system based on the development and implementation of methods that allow ranking and selecting the most priority maintenance and repair activities, de",Financial management - cost estimations,Financial management,cost estimations
The basics of the project portfolio management generalized body of knowledge,https://www.scopus.com/inward/record.uri?eid=2-s2.0-85104879335&partnerID=40&md5=8b39ad4fea31567cdd848c324cf9d05c,"Several experts- surveys show that the success indicators of a new product in the market have a strong positive correlation with the performance of project portfolio management in organizations, and the success of the project is strongly related to the m",Financial management - cost estimations,Financial management,cost estimations
Developing a framework for renewable technology portfolio selection: A case study at a R&D center,https://www.scopus.com/inward/record.uri?eid=2-s2.0-84860359302&doi=10.1016%2fj.rser.2012.03.035&partnerID=40&md5=1110de66f42dcab0f541690d30694056,"The rapid development of technologies, their increasing complexity and variety, long lead times of R&D and market dynamics have made the task of technology selection difficult. Considering high level of competitiveness, organizations need to strategicall",Financial management - cost estimations,Financial management,cost estimations
The impact of human resource sharing on IT project risk,https://www.scopus.com/inward/record.uri?eid=2-s2.0-85126591224&partnerID=40&md5=8e617e7a9192bc1dbc14b3c24477ae90,"The increasing number of sophisticated IT projects and the scarcity of skilled human resources increasingly challenge IT project portfolio managers with the need to do 'more with less'. Consequently, resource sharing among projects provides a widely appl",Financial management - cost estimations,Financial management,cost estimations
Optimal project portfolio selection with reinvestment strategy considering sustainability in an uncertain environment: a multi-objective optimization approach,https://www.scopus.com/inward/record.uri?eid=2-s2.0-85108621786&doi=10.1108%2fK-11-2020-0737&partnerID=40&md5=5459118c4bc044ed6d51e32528fdbf66,"Purpose: This study aims to develop a model for project portfolio selection considering organizational goals such as budgets, sustainability cash flow and reinvestment strategy under an uncertain environment. Design/methodology/approach: A multi-objectiv",Financial management - cost estimations,Financial management,cost estimations
PIFs for projects: Measuring performance impact factors for ICT projects,https://www.scopus.com/inward/record.uri?eid=2-s2.0-84929623497&doi=10.1109%2fIWSM.Mensura.2014.49&partnerID=40&md5=c3a229c7f168c81a14c22711e4edad37,"ICT Projects have a bad reputation: they often exceed budget or change scope. It holds especially when writing new software is involved, however, writing mobile apps, joint & distributed software development across organizations, integration of new servi",Financial management - Portfolio budget,Financial management,Portfolio budget
Mature or emerging markets: Competitive duopoly investment decisions,https://www.scopus.com/inward/record.uri?eid=2-s2.0-84875742157&doi=10.1016%2fj.ejor.2013.01.021&partnerID=40&md5=19cc2a110ef77c84a6e27260e61bae18,"We develop a competitive investment model wherein two competing firms consider investing into two projects targeting, separately, a mature and an emerging market. The returns firms obtain from investments into these markets are assumed to follow an S-sha",Financial management - Portfolio budget,Financial management,Portfolio budget
Capital project management systems,https://www.scopus.com/inward/record.uri?eid=2-s2.0-78650896782&partnerID=40&md5=4aa2b48c4c0e97e0460fed55e4241e5d,"Capital project management systems can enhance an organization's ability to keep the projects on track, on time and on budget; and improve their ability to meet financial and performance goals. DTE Energy selected Skire Unifier as its company wide projec",Financial management - Portfolio budget,Financial management,Portfolio budget
Optimal project portfolio selection with reinvestment strategy considering sustainability in an uncertain environment: a multi-objective optimization approach,https://www.scopus.com/inward/record.uri?eid=2-s2.0-85108621786&doi=10.1108%2fK-11-2020-0737&partnerID=40&md5=5459118c4bc044ed6d51e32528fdbf66,"Purpose: This study aims to develop a model for project portfolio selection considering organizational goals such as budgets, sustainability cash flow and reinvestment strategy under an uncertain environment. Design/methodology/approach: A multi-objectiv",Financial management - Portfolio budget,Financial management,Portfolio budget
Managing big data of offshore project lifecycle through investment information system,https://www.scopus.com/inward/record.uri?eid=2-s2.0-85088764343&doi=10.4043%2f28602-ms&partnerID=40&md5=dba06e4d7968ee942700f0844ae9ae39,"Big Data is popular term in some recent years and become leverage for business trend around the world. Absolutely 100% agree, all the business uses Information Technology for expanding their business and even survive on the market. IT is not supporting b",Financial management - Portfolio budget,Financial management,Portfolio budget
Advances in project management: Narrated journeys in unchartered territory,https://www.scopus.com/inward/record.uri?eid=2-s2.0-85062501293&doi=10.4324%2f9781315565729&partnerID=40&md5=1567a3b7a3d7b61e773920f850433e3c,"On the evidence of the authors of Advances in Project Management: Narrated Journeys in Unchartered Territory, there is a sea change coming. That change will affect the way projects are perceived, lead and governed, particularly in the context of the wide",Capacity management - Supply and demand optimization,Capacity management,Supply and demand optimization
Power Grid Construction Project Portfolio Optimization Based on Bi-level programming model,https://www.scopus.com/inward/record.uri?eid=2-s2.0-85027984674&doi=10.1088%2f1755-1315%2f81%2f1%2f012186&partnerID=40&md5=28f87792be293cd1e8be4362b274c41c,"As the main body of power grid operation, county-level power supply enterprises undertake an important emission to guarantee the security of power grid operation and safeguard social power using order. The optimization of grid construction projects has b",Capacity management - Supply and demand optimization,Capacity management,Supply and demand optimization
Practicing operations management in a laboratory management; [pRaticando Gestão de opeRações em um laboRatóRio de Gestão],https://www.scopus.com/inward/record.uri?eid=2-s2.0-85099323822&doi=10.1590%2f1678-69712015%2fadministracao.v16n4p43-76&partnerID=40&md5=3fa5b9ee9f345f2dc8b522cb6a5984f6,"Describing models of operations management is not sufficient to illustrate its dynamism, complexity and importance. The lack of proper balance between theory and practice in education regarding operations management suggests the search for initiatives th",Capacity management - Supply and demand optimization,Capacity management,Supply and demand optimization
Portfolio Development Planning for Operational and Strategic Decisions,https://www.scopus.com/inward/record.uri?eid=2-s2.0-1142264206&doi=10.2118%2f84607-ms&partnerID=40&md5=c92aff7e319bd2ad4be5ac887ffbc8c6,"BP, a major shareholder of the Atlantic LNG Plant in Trinidad and Tobago, was in search of project modeling and economic forecasting tools to help meet the aggressive commercial gas demands of this asset. This asset consists of 7 production fields that s",Capacity management - Supply and demand optimization,Capacity management,Supply and demand optimization
"15th Wuhan International Conference on E-Business, WHICEB 2016",https://www.scopus.com/inward/record.uri?eid=2-s2.0-85138749914&partnerID=40&md5=8cd99d2611a4f033bac6ebe13951e823,The proceedings contain 70 papers. The special focus in this conference is on E-Business. The topics include: An Empirical Research on Hotel Revenue Management Financial Performance Influencing Factors; an Empirical Research on the Evaluation System of C,Capacity management - Supply and demand optimization,Capacity management,Supply and demand optimization
Managing big data of offshore project lifecycle through investment information system,https://www.scopus.com/inward/record.uri?eid=2-s2.0-85088764343&doi=10.4043%2f28602-ms&partnerID=40&md5=dba06e4d7968ee942700f0844ae9ae39,"Big Data is popular term in some recent years and become leverage for business trend around the world. Absolutely 100% agree, all the business uses Information Technology for expanding their business and even survive on the market. IT is not supporting b",Capacity management - Capacity planning,Capacity management,Capacity planning
Governance arrangements for IT project portfolio management: Qualitative insights and a quantitative modeling approach,https://www.scopus.com/inward/record.uri?eid=2-s2.0-84930830334&doi=10.1007%2f978-3-658-05661-2&partnerID=40&md5=8125e14ab4c47da0e27929ac0ef49fe0,"Due to the growing importance of IT-based innovations, contemporary firms face an excessive number of proposals for IT projects. As typically only a fraction of these projects can be implemented with the given capacity, IT project portfolio management as",Capacity management - Capacity planning,Capacity management,Capacity planning
Project Portfolio Selection Considering the Fuzzy Chance Constraint of Water Environmental Restoration,https://www.scopus.com/inward/record.uri?eid=2-s2.0-85164296914&doi=10.3390%2fw15132428&partnerID=40&md5=1f99c707a3d75f7281914bb9d5a7268f,"The water environment restoration project portfolio (WERP) selection is discussed in this paper. By complying with the analysis of the project?s multidimensional property and operation mode, this paper develops the chance constraint and the management co",Capacity management - Capacity planning,Capacity management,Capacity planning
Study of the project portfolio model and system approach in space engineering management,https://www.scopus.com/inward/record.uri?eid=2-s2.0-84904658934&partnerID=40&md5=0b9104987045ecc431de7edc274b4ca5,"At present, for the leap-forward development, the aerospace engineering was faced with opportunities and challenges. Contradiction of the needs, capacities and resources highlighted, the traditional single aerospace project management methods cannot meet",Capacity management - Capacity planning,Capacity management,Capacity planning
"Portfolio management in non-profit organizations: The case of groningen's municipality",https://www.scopus.com/inward/record.uri?eid=2-s2.0-84893103804&partnerID=40&md5=58e63981bc47d9e53ebe0208023696f7,"The purpose of this research is to develop a method to support governing the information function, and in particular, the planning and prioritization of IT projects. Groningen's municipality serves as a case study organization. The core of the methodolog",Capacity management - Capacity planning,Capacity management,Capacity planning
Optimization of time and resources in a multi project environment: A case study,https://www.scopus.com/inward/record.uri?eid=2-s2.0-85081099332&partnerID=40&md5=1aa003f0668c06a578c33cda8019bd4c,"Strategic capacity planning is top management decision and its tough task. This paper talks about Strategic Capacity Planning for the entire plant/ company for next two years and devising a Excel template for the same to get optimal solution using Excel ",Capacity management - Capacity planning,Capacity management,Capacity planning
The interplay between dynamic capabilities? dimensions and their relationship to project portfolio agility and success,https://www.scopus.com/inward/record.uri?eid=2-s2.0-85162226274&doi=10.1016%2fj.ijproman.2023.102469&partnerID=40&md5=c5b00369a7756b57220dbcdd0efda165,"Recent literature emphasizes agility's importance for a project portfolio's success in a dynamic environment. Conceptually, dynamic capabilities should be relevant antecedents for portfolio agility since they help organizations cope with dynamic environm",Capacity management - organizational capabilities,Capacity management,organizational capabilities
Portfolio Governance,https://www.scopus.com/inward/record.uri?eid=2-s2.0-85164323907&doi=10.1201%2f9781003315902-5&partnerID=40&md5=5ada7a78e13d33bdcb26d04de5d3bbdb,"Project portfolio governance is a critical capability in the best of times. With a firm foundation, ongoing governance and oversight enable projects and programs to proceed down the path to arrive at the strategic destination. The intention of portfolio ",Capacity management - organizational capabilities,Capacity management,organizational capabilities
The Role of Project Management Office in Managing Project Portfolio Management: A Descriptive Study in Indonesian Banks,https://www.scopus.com/inward/record.uri?eid=2-s2.0-85159961370&doi=10.17549%2fgbfr.2023.28.2.45&partnerID=40&md5=dc9b678d4a1cdc854fae70b23cb2ed3f,Purpose: This paper presents a preliminary study of the complete research to explore how strategic initiatives are implemented in Indonesian banks. It has the aim to descriptively compare the Project Portfolio Management (PPM) Capabilities and bank perfo,Capacity management - organizational capabilities,Capacity management,organizational capabilities
A binary decision tree approach for pharmaceutical project portfolio management,https://www.scopus.com/inward/record.uri?eid=2-s2.0-85152959272&doi=10.1016%2fj.dajour.2023.100228&partnerID=40&md5=f91438a1b581b9abc274f044970ac786,"In pharmaceutical R&D, decision makers face a large portion of uncertainty in portfolio decisions. Existing optimization tools are mostly based on expected values, ignoring uncertainty, and most often deliver a single, ?best? selection of projects. A dec",Capacity management - organizational capabilities,Capacity management,organizational capabilities
Aligning construction projects with strategy,https://www.scopus.com/inward/record.uri?eid=2-s2.0-85147913972&partnerID=40&md5=8070588a125489b4632095005964f81d,This chapter explores the alignment of construction projects with strategy through several case studies and offers insights for the development of project portfolio management (PPM) capabilities in construction. Most PPM research occurs in industries ass,Capacity management - organizational capabilities,Capacity management,organizational capabilities
